dataset,framing,learning_rate,batch_size,max_epochs,seed,best_val_accuracy,exp_name
winogrande-m-option,MC-SENT-PAIR,2.00E-05,64,40,194859,0.5824782952,winogrande-m-option_MC-SENT-PAIR_lr_2e-05_bs_64_max-epochs_40_seed_194859
winogrande-m-option,MC-SENT-PAIR,2.00E-05,64,40,365912,0.5824782952,winogrande-m-option_MC-SENT-PAIR_lr_2e-05_bs_64_max-epochs_40_seed_365912
winogrande-m-option,MC-MLM,3.00E-05,32,20,269349,0.5785319653,winogrande-m-option_MC-MLM_lr_3e-05_bs_32_max-epochs_20_seed_269349
winogrande-m-option,MC-SENT,1.00E-05,16,20,846931,0.5769534333,winogrande-m-option_MC-SENT_lr_1e-05_bs_16_max-epochs_20_seed_846931
winogrande-m-option,MC-SENT,1.00E-05,16,20,670018,0.5769534333,winogrande-m-option_MC-SENT_lr_1e-05_bs_16_max-epochs_20_seed_670018
winogrande-m-option,MC-MLM,2.00E-05,64,20,614121,0.5761641673,winogrande-m-option_MC-MLM_lr_2e-05_bs_64_max-epochs_20_seed_614121
winogrande-m-option,MC-MLM,2.00E-05,32,40,425262,0.5761641673,winogrande-m-option_MC-MLM_lr_2e-05_bs_32_max-epochs_40_seed_425262
winogrande-m-option,MC-SENT-PAIR,3.00E-05,32,20,112155,0.5745856354,winogrande-m-option_MC-SENT-PAIR_lr_3e-05_bs_32_max-epochs_20_seed_112155
winogrande-m-option,MC-MLM,2.00E-05,16,20,234879,0.5745856354,winogrande-m-option_MC-MLM_lr_2e-05_bs_16_max-epochs_20_seed_234879
winogrande-m-option,MC-SENT-PAIR,2.00E-05,64,40,841830,0.5730071034,winogrande-m-option_MC-SENT-PAIR_lr_2e-05_bs_64_max-epochs_40_seed_841830
winogrande-m-option,MC-MLM,1.00E-05,8,40,2129,0.5730071034,winogrande-m-option_MC-MLM_lr_1e-05_bs_8_max-epochs_40_seed_2129
winogrande-m-option,MC-MLM,1.00E-05,16,40,62943,0.5730071034,winogrande-m-option_MC-MLM_lr_1e-05_bs_16_max-epochs_40_seed_62943
winogrande-m-option,MC-SENT-PAIR,1.00E-05,8,40,69055,0.5706393054,winogrande-m-option_MC-SENT-PAIR_lr_1e-05_bs_8_max-epochs_40_seed_69055
winogrande-m-option,MC-SENT,1.00E-05,32,40,434050,0.5706393054,winogrande-m-option_MC-SENT_lr_1e-05_bs_32_max-epochs_40_seed_434050
winogrande-m-option,MC-MLM,1.00E-05,8,20,967400,0.5706393054,winogrande-m-option_MC-MLM_lr_1e-05_bs_8_max-epochs_20_seed_967400
winogrande-m-option,MC-MLM,2.00E-05,16,40,930228,0.5698500395,winogrande-m-option_MC-MLM_lr_2e-05_bs_16_max-epochs_40_seed_930228
winogrande-m-option,MC-SENT,1.00E-05,64,40,208175,0.5674822415,winogrande-m-option_MC-SENT_lr_1e-05_bs_64_max-epochs_40_seed_208175
winogrande-m-option,MC-MLM,1.00E-05,32,40,462515,0.5674822415,winogrande-m-option_MC-MLM_lr_1e-05_bs_32_max-epochs_40_seed_462515
winogrande-m-option,MC-SENT-PAIR,1.00E-05,32,40,448442,0.5659037096,winogrande-m-option_MC-SENT-PAIR_lr_1e-05_bs_32_max-epochs_40_seed_448442
winogrande-m-option,MC-SENT,2.00E-05,32,20,314318,0.5659037096,winogrande-m-option_MC-SENT_lr_2e-05_bs_32_max-epochs_20_seed_314318
winogrande-m-option,MC-SENT-PAIR,1.00E-05,16,20,875020,0.5651144436,winogrande-m-option_MC-SENT-PAIR_lr_1e-05_bs_16_max-epochs_20_seed_875020
winogrande-m-option,MC-MLM,2.00E-05,64,20,896533,0.5651144436,winogrande-m-option_MC-MLM_lr_2e-05_bs_64_max-epochs_20_seed_896533
winogrande-m-option,P-SPAN,1.00E-05,64,40,518339,0.5643251776,winogrande-m-option_P-SPAN_lr_1e-05_bs_64_max-epochs_40_seed_518339
winogrande-m-option,P-SPAN,1.00E-05,64,40,374901,0.5643251776,winogrande-m-option_P-SPAN_lr_1e-05_bs_64_max-epochs_40_seed_374901
winogrande-m-option,MC-SENT-PAIR,3.00E-05,64,40,593826,0.5643251776,winogrande-m-option_MC-SENT-PAIR_lr_3e-05_bs_64_max-epochs_40_seed_593826
winogrande-m-option,MC-SENT,2.00E-05,32,20,280764,0.5627466456,winogrande-m-option_MC-SENT_lr_2e-05_bs_32_max-epochs_20_seed_280764
winogrande-m-option,MC-MLM,2.00E-05,16,10,627893,0.5627466456,winogrande-m-option_MC-MLM_lr_2e-05_bs_16_max-epochs_10_seed_627893
winogrande-m-option,P-SPAN,1.00E-05,8,40,384816,0.5619573796,winogrande-m-option_P-SPAN_lr_1e-05_bs_8_max-epochs_40_seed_384816
winogrande-m-option,P-SPAN,1.00E-05,8,40,667322,0.5619573796,winogrande-m-option_P-SPAN_lr_1e-05_bs_8_max-epochs_40_seed_667322
winogrande-m-option,MC-SENT-PAIR,3.00E-05,64,20,739902,0.5619573796,winogrande-m-option_MC-SENT-PAIR_lr_3e-05_bs_64_max-epochs_20_seed_739902
winogrande-m-option,MC-SENT-PAIR,3.00E-05,64,20,822472,0.5619573796,winogrande-m-option_MC-SENT-PAIR_lr_3e-05_bs_64_max-epochs_20_seed_822472
winogrande-m-option,MC-MLM,2.00E-05,64,10,767163,0.5619573796,winogrande-m-option_MC-MLM_lr_2e-05_bs_64_max-epochs_10_seed_767163
winogrande-m-option,MC-MLM,1.00E-05,16,20,21820,0.5619573796,winogrande-m-option_MC-MLM_lr_1e-05_bs_16_max-epochs_20_seed_21820
winogrande-m-option,MC-MLM,1.00E-05,16,10,843339,0.5595895817,winogrande-m-option_MC-MLM_lr_1e-05_bs_16_max-epochs_10_seed_843339
winogrande-m-option,MC-SENT-PAIR,1.00E-05,64,40,505016,0.5588003157,winogrande-m-option_MC-SENT-PAIR_lr_1e-05_bs_64_max-epochs_40_seed_505016
winogrande-m-option,MC-MLM,3.00E-05,32,10,625133,0.5588003157,winogrande-m-option_MC-MLM_lr_3e-05_bs_32_max-epochs_10_seed_625133
winogrande-m-option,MC-MLM,3.00E-05,32,10,910713,0.5588003157,winogrande-m-option_MC-MLM_lr_3e-05_bs_32_max-epochs_10_seed_910713
winogrande-m-option,MC-SENT-PAIR,3.00E-05,64,40,49523,0.5580110497,winogrande-m-option_MC-SENT-PAIR_lr_3e-05_bs_64_max-epochs_40_seed_49523
winogrande-m-option,MC-SENT,2.00E-05,64,20,907358,0.5580110497,winogrande-m-option_MC-SENT_lr_2e-05_bs_64_max-epochs_20_seed_907358
winogrande-m-option,MC-SENT,2.00E-05,64,40,270669,0.5580110497,winogrande-m-option_MC-SENT_lr_2e-05_bs_64_max-epochs_40_seed_270669
winogrande-m-option,MC-SENT,2.00E-05,64,40,445316,0.5580110497,winogrande-m-option_MC-SENT_lr_2e-05_bs_64_max-epochs_40_seed_445316
winogrande-m-option,MC-MLM,3.00E-05,8,40,573505,0.5580110497,winogrande-m-option_MC-MLM_lr_3e-05_bs_8_max-epochs_40_seed_573505
winogrande-m-option,MC-SENT-PAIR,2.00E-05,16,20,514800,0.5548539858,winogrande-m-option_MC-SENT-PAIR_lr_2e-05_bs_16_max-epochs_20_seed_514800
winogrande-m-option,MC-SENT-PAIR,2.00E-05,16,20,40720,0.5548539858,winogrande-m-option_MC-SENT-PAIR_lr_2e-05_bs_16_max-epochs_20_seed_40720
winogrande-m-option,MC-SENT,2.00E-05,64,20,119776,0.5548539858,winogrande-m-option_MC-SENT_lr_2e-05_bs_64_max-epochs_20_seed_119776
winogrande-m-option,MC-SENT-PAIR,1.00E-05,8,10,603398,0.5540647198,winogrande-m-option_MC-SENT-PAIR_lr_1e-05_bs_8_max-epochs_10_seed_603398
winogrande-m-option,MC-MLM,1.00E-05,64,20,936994,0.5532754538,winogrande-m-option_MC-MLM_lr_1e-05_bs_64_max-epochs_20_seed_936994
winogrande-m-option,MC-MLM,2.00E-05,32,10,927242,0.5509076559,winogrande-m-option_MC-MLM_lr_2e-05_bs_32_max-epochs_10_seed_927242
winogrande-m-option,MC-SENT-SCALE,1.00E-05,64,40,494750,0.5477505919,winogrande-m-option_MC-SENT-SCALE_lr_1e-05_bs_64_max-epochs_40_seed_494750
winogrande-m-option,MC-SENT-SCALE,1.00E-05,64,40,579006,0.5477505919,winogrande-m-option_MC-SENT-SCALE_lr_1e-05_bs_64_max-epochs_40_seed_579006
winogrande-m-option,MC-SENT-PLOSS,1.00E-05,32,40,683971,0.546961326,winogrande-m-option_MC-SENT-PLOSS_lr_1e-05_bs_32_max-epochs_40_seed_683971
winogrande-m-option,MC-SENT-PLOSS,1.00E-05,32,40,966070,0.546961326,winogrande-m-option_MC-SENT-PLOSS_lr_1e-05_bs_32_max-epochs_40_seed_966070
winogrande-m-option,MC-MLM,1.00E-05,32,10,965782,0.54617206,winogrande-m-option_MC-MLM_lr_1e-05_bs_32_max-epochs_10_seed_965782
winogrande-m-option,MC-SENT-PAIR,2.00E-05,16,10,125545,0.545382794,winogrande-m-option_MC-SENT-PAIR_lr_2e-05_bs_16_max-epochs_10_seed_125545
winogrande-m-option,MC-SENT-SCALE,2.00E-05,32,40,318636,0.544593528,winogrande-m-option_MC-SENT-SCALE_lr_2e-05_bs_32_max-epochs_40_seed_318636
winogrande-m-option,MC-SENT-SCALE,2.00E-05,32,40,159788,0.544593528,winogrande-m-option_MC-SENT-SCALE_lr_2e-05_bs_32_max-epochs_40_seed_159788
winogrande-m-option,MC-SENT-PAIR,2.00E-05,32,20,693001,0.543804262,winogrande-m-option_MC-SENT-PAIR_lr_2e-05_bs_32_max-epochs_20_seed_693001
winogrande-m-option,MC-SENT-SCALE,2.00E-05,16,20,686049,0.5430149961,winogrande-m-option_MC-SENT-SCALE_lr_2e-05_bs_16_max-epochs_20_seed_686049
winogrande-m-option,MC-MLM,1.00E-05,64,20,973759,0.5430149961,winogrande-m-option_MC-MLM_lr_1e-05_bs_64_max-epochs_20_seed_973759
winogrande-m-option,MC-SENT-SCALE,2.00E-05,16,40,990315,0.5422257301,winogrande-m-option_MC-SENT-SCALE_lr_2e-05_bs_16_max-epochs_40_seed_990315
winogrande-m-option,MC-SENT-PLOSS,2.00E-05,16,40,264166,0.5414364641,winogrande-m-option_MC-SENT-PLOSS_lr_2e-05_bs_16_max-epochs_40_seed_264166
winogrande-m-option,MC-SENT-PAIR,3.00E-05,16,20,640476,0.5398579321,winogrande-m-option_MC-SENT-PAIR_lr_3e-05_bs_16_max-epochs_20_seed_640476
winogrande-m-option,MC-SENT,1.00E-05,8,20,458613,0.5398579321,winogrande-m-option_MC-SENT_lr_1e-05_bs_8_max-epochs_20_seed_458613
winogrande-m-option,MC-SENT-PAIR,3.00E-05,32,40,458156,0.5382794002,winogrande-m-option_MC-SENT-PAIR_lr_3e-05_bs_32_max-epochs_40_seed_458156
winogrande-m-option,MC-SENT,3.00E-05,32,40,906312,0.5382794002,winogrande-m-option_MC-SENT_lr_3e-05_bs_32_max-epochs_40_seed_906312
winogrande-m-option,MC-SENT-PAIR,2.00E-05,32,10,981932,0.5367008682,winogrande-m-option_MC-SENT-PAIR_lr_2e-05_bs_32_max-epochs_10_seed_981932
winogrande-m-option,MC-SENT-SCALE,3.00E-05,8,20,558759,0.5359116022,winogrande-m-option_MC-SENT-SCALE_lr_3e-05_bs_8_max-epochs_20_seed_558759
winogrande-m-option,MC-SENT-SCALE,1.00E-05,32,40,85762,0.5359116022,winogrande-m-option_MC-SENT-SCALE_lr_1e-05_bs_32_max-epochs_40_seed_85762
winogrande-m-option,MC-SENT,2.00E-05,64,10,729998,0.5359116022,winogrande-m-option_MC-SENT_lr_2e-05_bs_64_max-epochs_10_seed_729998
winogrande-m-option,MC-MLM,1.00E-05,64,10,527395,0.5359116022,winogrande-m-option_MC-MLM_lr_1e-05_bs_64_max-epochs_10_seed_527395
winogrande-m-option,MC-SENT-PLOSS,2.00E-05,32,40,695495,0.5327545383,winogrande-m-option_MC-SENT-PLOSS_lr_2e-05_bs_32_max-epochs_40_seed_695495
winogrande-m-option,MC-SENT-SCALE,3.00E-05,32,20,619811,0.5327545383,winogrande-m-option_MC-SENT-SCALE_lr_3e-05_bs_32_max-epochs_20_seed_619811
winogrande-m-option,MC-SENT-SCALE,3.00E-05,32,20,220452,0.5327545383,winogrande-m-option_MC-SENT-SCALE_lr_3e-05_bs_32_max-epochs_20_seed_220452
winogrande-m-option,MC-SENT,1.00E-05,64,20,776926,0.5327545383,winogrande-m-option_MC-SENT_lr_1e-05_bs_64_max-epochs_20_seed_776926
winogrande-m-option,MC-SENT,1.00E-05,64,20,96788,0.5327545383,winogrande-m-option_MC-SENT_lr_1e-05_bs_64_max-epochs_20_seed_96788
winogrande-m-option,MC-SENT-PLOSS,3.00E-05,8,20,947149,0.5319652723,winogrande-m-option_MC-SENT-PLOSS_lr_3e-05_bs_8_max-epochs_20_seed_947149
winogrande-m-option,MC-SENT-PAIR,1.00E-05,8,10,154087,0.5319652723,winogrande-m-option_MC-SENT-PAIR_lr_1e-05_bs_8_max-epochs_10_seed_154087
winogrande-m-option,MC-SENT,2.00E-05,64,10,585521,0.5319652723,winogrande-m-option_MC-SENT_lr_2e-05_bs_64_max-epochs_10_seed_585521
winogrande-m-option,MC-MLM,3.00E-05,8,10,636874,0.5319652723,winogrande-m-option_MC-MLM_lr_3e-05_bs_8_max-epochs_10_seed_636874
winogrande-m-option,MC-SENT-PLOSS,1.00E-05,16,20,224081,0.5311760063,winogrande-m-option_MC-SENT-PLOSS_lr_1e-05_bs_16_max-epochs_20_seed_224081
winogrande-m-option,MC-SENT-SCALE,2.00E-05,32,20,55089,0.5311760063,winogrande-m-option_MC-SENT-SCALE_lr_2e-05_bs_32_max-epochs_20_seed_55089
winogrande-m-option,MC-SENT-SCALE,2.00E-05,32,20,152055,0.5311760063,winogrande-m-option_MC-SENT-SCALE_lr_2e-05_bs_32_max-epochs_20_seed_152055
winogrande-m-option,MC-SENT-SCALE,2.00E-05,32,20,272345,0.5311760063,winogrande-m-option_MC-SENT-SCALE_lr_2e-05_bs_32_max-epochs_20_seed_272345
winogrande-m-option,MC-SENT-SCALE,3.00E-05,32,40,801453,0.5288082084,winogrande-m-option_MC-SENT-SCALE_lr_3e-05_bs_32_max-epochs_40_seed_801453
winogrande-m-option,MC-SENT-PLOSS,3.00E-05,32,20,143428,0.5280189424,winogrande-m-option_MC-SENT-PLOSS_lr_3e-05_bs_32_max-epochs_20_seed_143428
winogrande-m-option,MC-SENT-PLOSS,2.00E-05,16,10,790491,0.5280189424,winogrande-m-option_MC-SENT-PLOSS_lr_2e-05_bs_16_max-epochs_10_seed_790491
winogrande-m-option,MC-MLM,3.00E-05,16,10,189945,0.5280189424,winogrande-m-option_MC-MLM_lr_3e-05_bs_16_max-epochs_10_seed_189945
winogrande-m-option,MC-MLM,3.00E-05,16,10,322489,0.5280189424,winogrande-m-option_MC-MLM_lr_3e-05_bs_16_max-epochs_10_seed_322489
winogrande-m-option,MC-SENT-PAIR,1.00E-05,32,20,279976,0.5272296764,winogrande-m-option_MC-SENT-PAIR_lr_1e-05_bs_32_max-epochs_20_seed_279976
winogrande-m-option,P-SPAN,1.00E-05,64,20,189084,0.5264404104,winogrande-m-option_P-SPAN_lr_1e-05_bs_64_max-epochs_20_seed_189084
winogrande-m-option,MC-SENT-PLOSS,3.00E-05,16,40,995590,0.5264404104,winogrande-m-option_MC-SENT-PLOSS_lr_3e-05_bs_16_max-epochs_40_seed_995590
winogrande-m-option,MC-SENT-PAIR,1.00E-05,8,20,517215,0.5264404104,winogrande-m-option_MC-SENT-PAIR_lr_1e-05_bs_8_max-epochs_20_seed_517215
winogrande-m-option,MC-SENT-SCALE,3.00E-05,32,20,746408,0.5264404104,winogrande-m-option_MC-SENT-SCALE_lr_3e-05_bs_32_max-epochs_20_seed_746408
winogrande-m-option,MC-MLM,2.00E-05,16,10,619477,0.5264404104,winogrande-m-option_MC-MLM_lr_2e-05_bs_16_max-epochs_10_seed_619477
winogrande-m-option,MC-SENT,3.00E-05,32,20,567450,0.5256511444,winogrande-m-option_MC-SENT_lr_3e-05_bs_32_max-epochs_20_seed_567450
winogrande-m-option,MC-SENT-PLOSS,3.00E-05,16,20,170210,0.5248618785,winogrande-m-option_MC-SENT-PLOSS_lr_3e-05_bs_16_max-epochs_20_seed_170210
winogrande-m-option,MC-SENT-SCALE,3.00E-05,16,40,960965,0.5248618785,winogrande-m-option_MC-SENT-SCALE_lr_3e-05_bs_16_max-epochs_40_seed_960965
winogrande-m-option,MC-SENT-SCALE,2.00E-05,8,40,262255,0.5248618785,winogrande-m-option_MC-SENT-SCALE_lr_2e-05_bs_8_max-epochs_40_seed_262255
winogrande-m-option,MC-SENT,1.00E-05,8,40,866079,0.5248618785,winogrande-m-option_MC-SENT_lr_1e-05_bs_8_max-epochs_40_seed_866079
winogrande-m-option,P-SPAN,1.00E-05,64,20,118848,0.5240726125,winogrande-m-option_P-SPAN_lr_1e-05_bs_64_max-epochs_20_seed_118848
winogrande-m-option,P-SENT,1.00E-05,16,20,293642,0.5240726125,winogrande-m-option_P-SENT_lr_1e-05_bs_16_max-epochs_20_seed_293642
winogrande-m-option,P-SENT,1.00E-05,16,20,762848,0.5240726125,winogrande-m-option_P-SENT_lr_1e-05_bs_16_max-epochs_20_seed_762848
winogrande-m-option,MC-SENT-PLOSS,2.00E-05,32,20,299486,0.5240726125,winogrande-m-option_MC-SENT-PLOSS_lr_2e-05_bs_32_max-epochs_20_seed_299486
winogrande-m-option,MC-SENT-PLOSS,1.00E-05,16,10,166531,0.5232833465,winogrande-m-option_MC-SENT-PLOSS_lr_1e-05_bs_16_max-epochs_10_seed_166531
winogrande-m-option,MC-SENT-SCALE,3.00E-05,8,20,88024,0.5232833465,winogrande-m-option_MC-SENT-SCALE_lr_3e-05_bs_8_max-epochs_20_seed_88024
winogrande-m-option,MC-SENT,3.00E-05,8,20,473142,0.5232833465,winogrande-m-option_MC-SENT_lr_3e-05_bs_8_max-epochs_20_seed_473142
winogrande-m-option,MC-MLM,3.00E-05,64,10,224218,0.5232833465,winogrande-m-option_MC-MLM_lr_3e-05_bs_64_max-epochs_10_seed_224218
winogrande-m-option,MC-SENT-PLOSS,2.00E-05,64,40,930590,0.5224940805,winogrande-m-option_MC-SENT-PLOSS_lr_2e-05_bs_64_max-epochs_40_seed_930590
winogrande-m-option,MC-SENT-SCALE,2.00E-05,64,20,859774,0.5224940805,winogrande-m-option_MC-SENT-SCALE_lr_2e-05_bs_64_max-epochs_20_seed_859774
winogrande-m-option,MC-SENT,3.00E-05,8,10,695940,0.5224940805,winogrande-m-option_MC-SENT_lr_3e-05_bs_8_max-epochs_10_seed_695940
winogrande-m-option,MC-MLM,2.00E-05,8,10,94668,0.5224940805,winogrande-m-option_MC-MLM_lr_2e-05_bs_8_max-epochs_10_seed_94668
winogrande-m-option,MC-SENT-PLOSS,1.00E-05,8,10,873053,0.5217048145,winogrande-m-option_MC-SENT-PLOSS_lr_1e-05_bs_8_max-epochs_10_seed_873053
winogrande-m-option,MC-SENT-SCALE,2.00E-05,64,20,28305,0.5217048145,winogrande-m-option_MC-SENT-SCALE_lr_2e-05_bs_64_max-epochs_20_seed_28305
winogrande-m-option,MC-SENT-SCALE,3.00E-05,8,40,903476,0.5217048145,winogrande-m-option_MC-SENT-SCALE_lr_3e-05_bs_8_max-epochs_40_seed_903476
winogrande-m-option,MC-SENT-SCALE,3.00E-05,8,40,768432,0.5217048145,winogrande-m-option_MC-SENT-SCALE_lr_3e-05_bs_8_max-epochs_40_seed_768432
winogrande-m-option,MC-SENT,2.00E-05,8,20,612808,0.5217048145,winogrande-m-option_MC-SENT_lr_2e-05_bs_8_max-epochs_20_seed_612808
winogrande-m-option,MC-MLM,3.00E-05,8,40,568808,0.5217048145,winogrande-m-option_MC-MLM_lr_3e-05_bs_8_max-epochs_40_seed_568808
winogrande-m-option,MC-SENT-PLOSS,1.00E-05,8,20,171390,0.5209155485,winogrande-m-option_MC-SENT-PLOSS_lr_1e-05_bs_8_max-epochs_20_seed_171390
winogrande-m-option,MC-SENT-PLOSS,1.00E-05,8,20,586627,0.5209155485,winogrande-m-option_MC-SENT-PLOSS_lr_1e-05_bs_8_max-epochs_20_seed_586627
winogrande-m-option,MC-SENT,3.00E-05,8,20,364331,0.5209155485,winogrande-m-option_MC-SENT_lr_3e-05_bs_8_max-epochs_20_seed_364331
winogrande-m-option,MC-SENT-PLOSS,2.00E-05,8,40,115244,0.5201262826,winogrande-m-option_MC-SENT-PLOSS_lr_2e-05_bs_8_max-epochs_40_seed_115244
winogrande-m-option,MC-SENT-PAIR,1.00E-05,32,10,504504,0.5201262826,winogrande-m-option_MC-SENT-PAIR_lr_1e-05_bs_32_max-epochs_10_seed_504504
winogrande-m-option,MC-SENT-SCALE,1.00E-05,32,10,836341,0.5201262826,winogrande-m-option_MC-SENT-SCALE_lr_1e-05_bs_32_max-epochs_10_seed_836341
winogrande-m-option,MC-SENT-SCALE,1.00E-05,32,20,179273,0.5201262826,winogrande-m-option_MC-SENT-SCALE_lr_1e-05_bs_32_max-epochs_20_seed_179273
winogrande-m-option,MC-SENT-PLOSS,2.00E-05,32,10,810435,0.5193370166,winogrande-m-option_MC-SENT-PLOSS_lr_2e-05_bs_32_max-epochs_10_seed_810435
winogrande-m-option,MC-SENT-PAIR,2.00E-05,8,20,189368,0.5193370166,winogrande-m-option_MC-SENT-PAIR_lr_2e-05_bs_8_max-epochs_20_seed_189368
winogrande-m-option,MC-SENT,2.00E-05,16,20,156425,0.5193370166,winogrande-m-option_MC-SENT_lr_2e-05_bs_16_max-epochs_20_seed_156425
winogrande-m-option,MC-MLM,3.00E-05,16,20,144180,0.5185477506,winogrande-m-option_MC-MLM_lr_3e-05_bs_16_max-epochs_20_seed_144180
winogrande-m-option,MC-SENT-PLOSS,1.00E-05,32,20,540065,0.5177584846,winogrande-m-option_MC-SENT-PLOSS_lr_1e-05_bs_32_max-epochs_20_seed_540065
winogrande-m-option,MC-SENT-PAIR,3.00E-05,8,10,12155,0.5177584846,winogrande-m-option_MC-SENT-PAIR_lr_3e-05_bs_8_max-epochs_10_seed_12155
winogrande-m-option,MC-SENT-SCALE,2.00E-05,64,10,905270,0.5177584846,winogrande-m-option_MC-SENT-SCALE_lr_2e-05_bs_64_max-epochs_10_seed_905270
winogrande-m-option,MC-SENT-SCALE,2.00E-05,64,10,62386,0.5177584846,winogrande-m-option_MC-SENT-SCALE_lr_2e-05_bs_64_max-epochs_10_seed_62386
winogrande-m-option,P-SPAN,3.00E-05,32,40,494462,0.5169692186,winogrande-m-option_P-SPAN_lr_3e-05_bs_32_max-epochs_40_seed_494462
winogrande-m-option,P-SPAN,3.00E-05,32,40,667065,0.5169692186,winogrande-m-option_P-SPAN_lr_3e-05_bs_32_max-epochs_40_seed_667065
winogrande-m-option,P-SENT,1.00E-05,16,20,473408,0.5169692186,winogrande-m-option_P-SENT_lr_1e-05_bs_16_max-epochs_20_seed_473408
winogrande-m-option,MC-SENT-PLOSS,1.00E-05,32,20,976018,0.5169692186,winogrande-m-option_MC-SENT-PLOSS_lr_1e-05_bs_32_max-epochs_20_seed_976018
winogrande-m-option,MC-SENT-PAIR,1.00E-05,16,40,623615,0.5169692186,winogrande-m-option_MC-SENT-PAIR_lr_1e-05_bs_16_max-epochs_40_seed_623615
winogrande-m-option,MC-SENT-PAIR,1.00E-05,16,40,346632,0.5169692186,winogrande-m-option_MC-SENT-PAIR_lr_1e-05_bs_16_max-epochs_40_seed_346632
winogrande-m-option,MC-SENT,3.00E-05,8,40,173193,0.5169692186,winogrande-m-option_MC-SENT_lr_3e-05_bs_8_max-epochs_40_seed_173193
winogrande-m-option,P-SPAN,2.00E-05,64,10,152227,0.5161799526,winogrande-m-option_P-SPAN_lr_2e-05_bs_64_max-epochs_10_seed_152227
winogrande-m-option,P-SPAN,1.00E-05,32,20,834042,0.5161799526,winogrande-m-option_P-SPAN_lr_1e-05_bs_32_max-epochs_20_seed_834042
winogrande-m-option,MC-SENT-PAIR,1.00E-05,64,20,562419,0.5161799526,winogrande-m-option_MC-SENT-PAIR_lr_1e-05_bs_64_max-epochs_20_seed_562419
winogrande-m-option,MC-SENT-SCALE,1.00E-05,8,10,835874,0.5161799526,winogrande-m-option_MC-SENT-SCALE_lr_1e-05_bs_8_max-epochs_10_seed_835874
winogrande-m-option,MC-SENT-SCALE,1.00E-05,8,10,440196,0.5161799526,winogrande-m-option_MC-SENT-SCALE_lr_1e-05_bs_8_max-epochs_10_seed_440196
winogrande-m-option,MC-SENT-SCALE,3.00E-05,64,20,892625,0.5161799526,winogrande-m-option_MC-SENT-SCALE_lr_3e-05_bs_64_max-epochs_20_seed_892625
winogrande-m-option,P-SENT,1.00E-05,32,20,640543,0.5153906867,winogrande-m-option_P-SENT_lr_1e-05_bs_32_max-epochs_20_seed_640543
winogrande-m-option,MC-SENT-PLOSS,2.00E-05,8,10,405042,0.5153906867,winogrande-m-option_MC-SENT-PLOSS_lr_2e-05_bs_8_max-epochs_10_seed_405042
winogrande-m-option,MC-SENT-SCALE,1.00E-05,32,20,285466,0.5153906867,winogrande-m-option_MC-SENT-SCALE_lr_1e-05_bs_32_max-epochs_20_seed_285466
winogrande-m-option,P-SPAN,3.00E-05,32,10,139991,0.5146014207,winogrande-m-option_P-SPAN_lr_3e-05_bs_32_max-epochs_10_seed_139991
winogrande-m-option,P-SPAN,1.00E-05,64,40,306522,0.5146014207,winogrande-m-option_P-SPAN_lr_1e-05_bs_64_max-epochs_40_seed_306522
winogrande-m-option,MC-SENT,1.00E-05,16,20,878433,0.5146014207,winogrande-m-option_MC-SENT_lr_1e-05_bs_16_max-epochs_20_seed_878433
winogrande-m-option,MC-SENT,1.00E-05,16,20,748616,0.5146014207,winogrande-m-option_MC-SENT_lr_1e-05_bs_16_max-epochs_20_seed_748616
winogrande-m-option,MC-SENT,1.00E-05,16,20,743554,0.5146014207,winogrande-m-option_MC-SENT_lr_1e-05_bs_16_max-epochs_20_seed_743554
winogrande-m-option,P-SENT,1.00E-05,32,20,481466,0.5138121547,winogrande-m-option_P-SENT_lr_1e-05_bs_32_max-epochs_20_seed_481466
winogrande-m-option,P-SENT,1.00E-05,32,20,753188,0.5138121547,winogrande-m-option_P-SENT_lr_1e-05_bs_32_max-epochs_20_seed_753188
winogrande-m-option,P-SENT,1.00E-05,32,20,110796,0.5138121547,winogrande-m-option_P-SENT_lr_1e-05_bs_32_max-epochs_20_seed_110796
winogrande-m-option,P-SPAN,1.00E-05,8,20,71750,0.5130228887,winogrande-m-option_P-SPAN_lr_1e-05_bs_8_max-epochs_20_seed_71750
winogrande-m-option,P-SENT,3.00E-05,64,20,994009,0.5130228887,winogrande-m-option_P-SENT_lr_3e-05_bs_64_max-epochs_20_seed_994009
winogrande-m-option,P-SENT,1.00E-05,16,40,453338,0.5130228887,winogrande-m-option_P-SENT_lr_1e-05_bs_16_max-epochs_40_seed_453338
winogrande-m-option,P-SENT,3.00E-05,64,20,644359,0.5130228887,winogrande-m-option_P-SENT_lr_3e-05_bs_64_max-epochs_20_seed_644359
winogrande-m-option,P-SENT,1.00E-05,16,40,581211,0.5130228887,winogrande-m-option_P-SENT_lr_1e-05_bs_16_max-epochs_40_seed_581211
winogrande-m-option,MC-SENT-PAIR,1.00E-05,16,10,991379,0.5130228887,winogrande-m-option_MC-SENT-PAIR_lr_1e-05_bs_16_max-epochs_10_seed_991379
winogrande-m-option,MC-SENT-PAIR,1.00E-05,16,10,949932,0.5130228887,winogrande-m-option_MC-SENT-PAIR_lr_1e-05_bs_16_max-epochs_10_seed_949932
winogrande-m-option,MC-SENT-PAIR,3.00E-05,32,10,203145,0.5130228887,winogrande-m-option_MC-SENT-PAIR_lr_3e-05_bs_32_max-epochs_10_seed_203145
winogrande-m-option,MC-SENT-PAIR,3.00E-05,32,20,557306,0.5130228887,winogrande-m-option_MC-SENT-PAIR_lr_3e-05_bs_32_max-epochs_20_seed_557306
winogrande-m-option,P-SPAN,1.00E-05,64,10,648001,0.5122336227,winogrande-m-option_P-SPAN_lr_1e-05_bs_64_max-epochs_10_seed_648001
winogrande-m-option,P-SENT,2.00E-05,32,10,497638,0.5122336227,winogrande-m-option_P-SENT_lr_2e-05_bs_32_max-epochs_10_seed_497638
winogrande-m-option,P-SENT,2.00E-05,32,10,605747,0.5122336227,winogrande-m-option_P-SENT_lr_2e-05_bs_32_max-epochs_10_seed_605747
winogrande-m-option,MC-SENT-PLOSS,1.00E-05,32,10,613690,0.5122336227,winogrande-m-option_MC-SENT-PLOSS_lr_1e-05_bs_32_max-epochs_10_seed_613690
winogrande-m-option,MC-SENT-PAIR,3.00E-05,8,20,688899,0.5122336227,winogrande-m-option_MC-SENT-PAIR_lr_3e-05_bs_8_max-epochs_20_seed_688899
winogrande-m-option,MC-SENT-PAIR,3.00E-05,16,10,504144,0.5122336227,winogrande-m-option_MC-SENT-PAIR_lr_3e-05_bs_16_max-epochs_10_seed_504144
winogrande-m-option,P-SPAN,1.00E-05,32,10,155375,0.5114443567,winogrande-m-option_P-SPAN_lr_1e-05_bs_32_max-epochs_10_seed_155375
winogrande-m-option,P-SPAN,3.00E-05,32,40,216670,0.5114443567,winogrande-m-option_P-SPAN_lr_3e-05_bs_32_max-epochs_40_seed_216670
winogrande-m-option,MC-SENT-SCALE,3.00E-05,64,10,805167,0.5114443567,winogrande-m-option_MC-SENT-SCALE_lr_3e-05_bs_64_max-epochs_10_seed_805167
winogrande-m-option,MC-SENT-SCALE,3.00E-05,64,10,631144,0.5114443567,winogrande-m-option_MC-SENT-SCALE_lr_3e-05_bs_64_max-epochs_10_seed_631144
winogrande-m-option,MC-SENT-SCALE,3.00E-05,64,10,178024,0.5114443567,winogrande-m-option_MC-SENT-SCALE_lr_3e-05_bs_64_max-epochs_10_seed_178024
winogrande-m-option,MC-SENT,1.00E-05,64,10,731883,0.5114443567,winogrande-m-option_MC-SENT_lr_1e-05_bs_64_max-epochs_10_seed_731883
winogrande-m-option,P-SPAN,1.00E-05,32,10,157702,0.5106550908,winogrande-m-option_P-SPAN_lr_1e-05_bs_32_max-epochs_10_seed_157702
winogrande-m-option,P-SENT,3.00E-05,64,40,218152,0.5106550908,winogrande-m-option_P-SENT_lr_3e-05_bs_64_max-epochs_40_seed_218152
winogrande-m-option,MC-MLM,3.00E-05,8,20,464049,0.5106550908,winogrande-m-option_MC-MLM_lr_3e-05_bs_8_max-epochs_20_seed_464049
winogrande-m-option,MC-MLM,3.00E-05,8,20,737102,0.5106550908,winogrande-m-option_MC-MLM_lr_3e-05_bs_8_max-epochs_20_seed_737102
winogrande-m-option,MC-MLM,3.00E-05,8,20,148618,0.5106550908,winogrande-m-option_MC-MLM_lr_3e-05_bs_8_max-epochs_20_seed_148618
winogrande-m-option,P-SPAN,1.00E-05,8,40,220259,0.5098658248,winogrande-m-option_P-SPAN_lr_1e-05_bs_8_max-epochs_40_seed_220259
winogrande-m-option,P-SPAN,3.00E-05,64,20,381342,0.5098658248,winogrande-m-option_P-SPAN_lr_3e-05_bs_64_max-epochs_20_seed_381342
winogrande-m-option,P-SENT,2.00E-05,32,20,256598,0.5098658248,winogrande-m-option_P-SENT_lr_2e-05_bs_32_max-epochs_20_seed_256598
winogrande-m-option,P-SENT,2.00E-05,32,20,90395,0.5098658248,winogrande-m-option_P-SENT_lr_2e-05_bs_32_max-epochs_20_seed_90395
winogrande-m-option,MC-SENT,2.00E-05,32,10,896700,0.5098658248,winogrande-m-option_MC-SENT_lr_2e-05_bs_32_max-epochs_10_seed_896700
winogrande-m-option,MC-MLM,2.00E-05,8,20,154684,0.5098658248,winogrande-m-option_MC-MLM_lr_2e-05_bs_8_max-epochs_20_seed_154684
winogrande-m-option,MC-MLM,2.00E-05,8,20,280749,0.5098658248,winogrande-m-option_MC-MLM_lr_2e-05_bs_8_max-epochs_20_seed_280749
winogrande-m-option,MC-MLM,2.00E-05,8,20,242096,0.5098658248,winogrande-m-option_MC-MLM_lr_2e-05_bs_8_max-epochs_20_seed_242096
winogrande-m-option,P-SPAN,2.00E-05,64,20,30992,0.5090765588,winogrande-m-option_P-SPAN_lr_2e-05_bs_64_max-epochs_20_seed_30992
winogrande-m-option,P-SPAN,2.00E-05,64,20,113283,0.5090765588,winogrande-m-option_P-SPAN_lr_2e-05_bs_64_max-epochs_20_seed_113283
winogrande-m-option,P-SENT,2.00E-05,32,40,190841,0.5090765588,winogrande-m-option_P-SENT_lr_2e-05_bs_32_max-epochs_40_seed_190841
winogrande-m-option,P-SENT,2.00E-05,32,40,278634,0.5090765588,winogrande-m-option_P-SENT_lr_2e-05_bs_32_max-epochs_40_seed_278634
winogrande-m-option,P-SENT,2.00E-05,32,40,291134,0.5090765588,winogrande-m-option_P-SENT_lr_2e-05_bs_32_max-epochs_40_seed_291134
winogrande-m-option,P-SENT,2.00E-05,32,40,848251,0.5090765588,winogrande-m-option_P-SENT_lr_2e-05_bs_32_max-epochs_40_seed_848251
winogrande-m-option,MC-SENT-PLOSS,3.00E-05,16,10,383382,0.5090765588,winogrande-m-option_MC-SENT-PLOSS_lr_3e-05_bs_16_max-epochs_10_seed_383382
winogrande-m-option,P-SPAN,1.00E-05,16,10,354064,0.5082872928,winogrande-m-option_P-SPAN_lr_1e-05_bs_16_max-epochs_10_seed_354064
winogrande-m-option,P-SPAN,1.00E-05,16,10,717249,0.5082872928,winogrande-m-option_P-SPAN_lr_1e-05_bs_16_max-epochs_10_seed_717249
winogrande-m-option,P-SENT,2.00E-05,64,20,884926,0.5082872928,winogrande-m-option_P-SENT_lr_2e-05_bs_64_max-epochs_20_seed_884926
winogrande-m-option,P-SENT,1.00E-05,8,10,216667,0.5074980268,winogrande-m-option_P-SENT_lr_1e-05_bs_8_max-epochs_10_seed_216667
winogrande-m-option,P-SENT,1.00E-05,64,20,754399,0.5074980268,winogrande-m-option_P-SENT_lr_1e-05_bs_64_max-epochs_20_seed_754399
winogrande-m-option,MC-SENT-PLOSS,3.00E-05,16,10,733981,0.5074980268,winogrande-m-option_MC-SENT-PLOSS_lr_3e-05_bs_16_max-epochs_10_seed_733981
winogrande-m-option,MC-MLM,3.00E-05,16,20,703474,0.5074980268,winogrande-m-option_MC-MLM_lr_3e-05_bs_16_max-epochs_20_seed_703474
winogrande-m-option,P-SENT,2.00E-05,8,20,579061,0.5067087609,winogrande-m-option_P-SENT_lr_2e-05_bs_8_max-epochs_20_seed_579061
winogrande-m-option,P-SENT,1.00E-05,64,20,325356,0.5067087609,winogrande-m-option_P-SENT_lr_1e-05_bs_64_max-epochs_20_seed_325356
winogrande-m-option,MC-SENT-PLOSS,1.00E-05,32,10,742736,0.5067087609,winogrande-m-option_MC-SENT-PLOSS_lr_1e-05_bs_32_max-epochs_10_seed_742736
winogrande-m-option,P-SPAN,2.00E-05,8,20,905753,0.5059194949,winogrande-m-option_P-SPAN_lr_2e-05_bs_8_max-epochs_20_seed_905753
winogrande-m-option,P-SENT,3.00E-05,32,10,677886,0.5059194949,winogrande-m-option_P-SENT_lr_3e-05_bs_32_max-epochs_10_seed_677886
winogrande-m-option,P-SENT,1.00E-05,16,10,800013,0.5059194949,winogrande-m-option_P-SENT_lr_1e-05_bs_16_max-epochs_10_seed_800013
winogrande-m-option,P-SPAN,3.00E-05,64,20,81210,0.5051302289,winogrande-m-option_P-SPAN_lr_3e-05_bs_64_max-epochs_20_seed_81210
winogrande-m-option,P-SENT,3.00E-05,64,10,716464,0.5051302289,winogrande-m-option_P-SENT_lr_3e-05_bs_64_max-epochs_10_seed_716464
winogrande-m-option,P-SENT,2.00E-05,8,40,152711,0.5051302289,winogrande-m-option_P-SENT_lr_2e-05_bs_8_max-epochs_40_seed_152711
winogrande-m-option,P-SENT,1.00E-05,64,40,537402,0.5051302289,winogrande-m-option_P-SENT_lr_1e-05_bs_64_max-epochs_40_seed_537402
winogrande-m-option,P-SPAN,3.00E-05,16,20,164939,0.5043409629,winogrande-m-option_P-SPAN_lr_3e-05_bs_16_max-epochs_20_seed_164939
winogrande-m-option,P-SPAN,2.00E-05,32,40,822188,0.5043409629,winogrande-m-option_P-SPAN_lr_2e-05_bs_32_max-epochs_40_seed_822188
winogrande-m-option,P-SPAN,3.00E-05,16,40,607651,0.5043409629,winogrande-m-option_P-SPAN_lr_3e-05_bs_16_max-epochs_40_seed_607651
winogrande-m-option,P-SPAN,2.00E-05,16,10,697316,0.5043409629,winogrande-m-option_P-SPAN_lr_2e-05_bs_16_max-epochs_10_seed_697316
winogrande-m-option,P-SPAN,3.00E-05,64,40,959701,0.5043409629,winogrande-m-option_P-SPAN_lr_3e-05_bs_64_max-epochs_40_seed_959701
winogrande-m-option,P-SENT,2.00E-05,64,10,540644,0.5043409629,winogrande-m-option_P-SENT_lr_2e-05_bs_64_max-epochs_10_seed_540644
winogrande-m-option,P-SENT,3.00E-05,8,20,40603,0.5043409629,winogrande-m-option_P-SENT_lr_3e-05_bs_8_max-epochs_20_seed_40603
winogrande-m-option,P-SENT,3.00E-05,8,20,883586,0.5043409629,winogrande-m-option_P-SENT_lr_3e-05_bs_8_max-epochs_20_seed_883586
winogrande-m-option,P-SENT,3.00E-05,32,20,622843,0.5043409629,winogrande-m-option_P-SENT_lr_3e-05_bs_32_max-epochs_20_seed_622843
winogrande-m-option,MC-SENT-PAIR,1.00E-05,64,10,639737,0.498816101,winogrande-m-option_MC-SENT-PAIR_lr_1e-05_bs_64_max-epochs_10_seed_639737
winogrande-m-option,MC-SENT-PAIR,1.00E-05,64,10,377519,0.498816101,winogrande-m-option_MC-SENT-PAIR_lr_1e-05_bs_64_max-epochs_10_seed_377519
winogrande-m-option,MC-SENT,3.00E-05,16,10,909888,0.4901341752,winogrande-m-option_MC-SENT_lr_3e-05_bs_16_max-epochs_10_seed_909888
winogrande-m-option,MC-MLM,3.00E-05,32,10,498091,0.5485398579,winogrande-m-option_MC-MLM_lr_3e-05_bs_32_max-epochs_10_seed_498091
winogrande-m-option,MC-SENT-SCALE,1.00E-05,64,40,579006,0.5477505919,winogrande-m-option_MC-SENT-SCALE_lr_1e-05_bs_64_max-epochs_40_seed_579006
winogrande-m-option,MC-SENT-PLOSS,1.00E-05,32,40,683971,0.546961326,winogrande-m-option_MC-SENT-PLOSS_lr_1e-05_bs_32_max-epochs_40_seed_683971
winogrande-m-option,MC-SENT-PLOSS,1.00E-05,32,40,966070,0.546961326,winogrande-m-option_MC-SENT-PLOSS_lr_1e-05_bs_32_max-epochs_40_seed_966070
winogrande-m-option,MC-MLM,1.00E-05,32,10,965782,0.54617206,winogrande-m-option_MC-MLM_lr_1e-05_bs_32_max-epochs_10_seed_965782
winogrande-m-option,MC-SENT-PAIR,2.00E-05,16,10,125545,0.545382794,winogrande-m-option_MC-SENT-PAIR_lr_2e-05_bs_16_max-epochs_10_seed_125545
winogrande-m-option,MC-MLM,3.00E-05,16,40,941930,0.545382794,winogrande-m-option_MC-MLM_lr_3e-05_bs_16_max-epochs_40_seed_941930
winogrande-m-option,MC-SENT-PAIR,2.00E-05,32,20,693001,0.543804262,winogrande-m-option_MC-SENT-PAIR_lr_2e-05_bs_32_max-epochs_20_seed_693001
winogrande-m-option,MC-SENT-SCALE,2.00E-05,16,20,686049,0.5430149961,winogrande-m-option_MC-SENT-SCALE_lr_2e-05_bs_16_max-epochs_20_seed_686049
winogrande-m-option,MC-MLM,1.00E-05,64,20,973759,0.5430149961,winogrande-m-option_MC-MLM_lr_1e-05_bs_64_max-epochs_20_seed_973759
winogrande-m-option,MC-MLM,1.00E-05,64,20,52769,0.5430149961,winogrande-m-option_MC-MLM_lr_1e-05_bs_64_max-epochs_20_seed_52769
winogrande-m-option,MC-SENT-SCALE,2.00E-05,16,40,990315,0.5422257301,winogrande-m-option_MC-SENT-SCALE_lr_2e-05_bs_16_max-epochs_40_seed_990315
winogrande-m-option,MC-SENT-SCALE,2.00E-05,16,40,856916,0.5422257301,winogrande-m-option_MC-SENT-SCALE_lr_2e-05_bs_16_max-epochs_40_seed_856916
winogrande-m-option,MC-SENT-SCALE,2.00E-05,16,40,541601,0.5422257301,winogrande-m-option_MC-SENT-SCALE_lr_2e-05_bs_16_max-epochs_40_seed_541601
winogrande-m-option,MC-SENT-PAIR,2.00E-05,32,40,248571,0.5406471981,winogrande-m-option_MC-SENT-PAIR_lr_2e-05_bs_32_max-epochs_40_seed_248571
winogrande-m-option,MC-SENT-PAIR,2.00E-05,64,20,153525,0.5374901342,winogrande-m-option_MC-SENT-PAIR_lr_2e-05_bs_64_max-epochs_20_seed_153525
winogrande-m-option,MC-SENT-PAIR,2.00E-05,64,20,40812,0.5374901342,winogrande-m-option_MC-SENT-PAIR_lr_2e-05_bs_64_max-epochs_20_seed_40812
winogrande-m-option,MC-SENT-SCALE,3.00E-05,8,20,558759,0.5359116022,winogrande-m-option_MC-SENT-SCALE_lr_3e-05_bs_8_max-epochs_20_seed_558759
winogrande-m-option,MC-SENT,2.00E-05,64,10,729998,0.5359116022,winogrande-m-option_MC-SENT_lr_2e-05_bs_64_max-epochs_10_seed_729998
winogrande-m-option,MC-MLM,1.00E-05,64,10,527395,0.5359116022,winogrande-m-option_MC-MLM_lr_1e-05_bs_64_max-epochs_10_seed_527395
winogrande-m-option,MC-MLM,1.00E-05,64,10,311834,0.5359116022,winogrande-m-option_MC-MLM_lr_1e-05_bs_64_max-epochs_10_seed_311834
winogrande-m-option,MC-MLM,1.00E-05,64,10,173675,0.5359116022,winogrande-m-option_MC-MLM_lr_1e-05_bs_64_max-epochs_10_seed_173675
winogrande-m-option,MC-SENT-PLOSS,2.00E-05,32,40,695495,0.5327545383,winogrande-m-option_MC-SENT-PLOSS_lr_2e-05_bs_32_max-epochs_40_seed_695495
winogrande-m-option,MC-SENT,1.00E-05,64,20,776926,0.5327545383,winogrande-m-option_MC-SENT_lr_1e-05_bs_64_max-epochs_20_seed_776926
winogrande-m-option,MC-SENT,1.00E-05,64,20,96788,0.5327545383,winogrande-m-option_MC-SENT_lr_1e-05_bs_64_max-epochs_20_seed_96788
winogrande-m-option,MC-SENT-PLOSS,3.00E-05,8,20,947149,0.5319652723,winogrande-m-option_MC-SENT-PLOSS_lr_3e-05_bs_8_max-epochs_20_seed_947149
winogrande-m-option,MC-SENT-PLOSS,1.00E-05,8,10,183842,0.5319652723,winogrande-m-option_MC-SENT-PLOSS_lr_1e-05_bs_8_max-epochs_10_seed_183842
winogrande-m-option,MC-SENT-PAIR,1.00E-05,8,10,154087,0.5319652723,winogrande-m-option_MC-SENT-PAIR_lr_1e-05_bs_8_max-epochs_10_seed_154087
winogrande-m-option,MC-SENT,2.00E-05,64,10,585521,0.5319652723,winogrande-m-option_MC-SENT_lr_2e-05_bs_64_max-epochs_10_seed_585521
winogrande-m-option,MC-MLM,3.00E-05,8,10,636874,0.5319652723,winogrande-m-option_MC-MLM_lr_3e-05_bs_8_max-epochs_10_seed_636874
winogrande-m-option,MC-SENT-PLOSS,1.00E-05,16,20,224081,0.5311760063,winogrande-m-option_MC-SENT-PLOSS_lr_1e-05_bs_16_max-epochs_20_seed_224081
winogrande-m-option,MC-SENT-SCALE,2.00E-05,32,20,55089,0.5311760063,winogrande-m-option_MC-SENT-SCALE_lr_2e-05_bs_32_max-epochs_20_seed_55089
winogrande-m-option,MC-SENT-SCALE,2.00E-05,8,40,283664,0.5295974743,winogrande-m-option_MC-SENT-SCALE_lr_2e-05_bs_8_max-epochs_40_seed_283664
winogrande-m-option,MC-SENT-PAIR,2.00E-05,16,40,242269,0.5288082084,winogrande-m-option_MC-SENT-PAIR_lr_2e-05_bs_16_max-epochs_40_seed_242269
winogrande-m-option,MC-SENT-PLOSS,3.00E-05,32,20,143428,0.5280189424,winogrande-m-option_MC-SENT-PLOSS_lr_3e-05_bs_32_max-epochs_20_seed_143428
winogrande-m-option,MC-MLM,3.00E-05,16,10,189945,0.5280189424,winogrande-m-option_MC-MLM_lr_3e-05_bs_16_max-epochs_10_seed_189945
winogrande-m-option,MC-MLM,3.00E-05,16,10,322489,0.5280189424,winogrande-m-option_MC-MLM_lr_3e-05_bs_16_max-epochs_10_seed_322489
winogrande-m-option,MC-SENT-PAIR,1.00E-05,32,20,279976,0.5272296764,winogrande-m-option_MC-SENT-PAIR_lr_1e-05_bs_32_max-epochs_20_seed_279976
winogrande-m-option,P-SPAN,1.00E-05,64,20,189084,0.5264404104,winogrande-m-option_P-SPAN_lr_1e-05_bs_64_max-epochs_20_seed_189084
winogrande-m-option,MC-SENT-PLOSS,3.00E-05,16,40,995590,0.5264404104,winogrande-m-option_MC-SENT-PLOSS_lr_3e-05_bs_16_max-epochs_40_seed_995590
winogrande-m-option,MC-SENT-PAIR,3.00E-05,32,10,884275,0.5264404104,winogrande-m-option_MC-SENT-PAIR_lr_3e-05_bs_32_max-epochs_10_seed_884275
winogrande-m-option,MC-SENT-PAIR,1.00E-05,8,20,517215,0.5264404104,winogrande-m-option_MC-SENT-PAIR_lr_1e-05_bs_8_max-epochs_20_seed_517215
winogrande-m-option,MC-SENT-SCALE,3.00E-05,32,20,746408,0.5264404104,winogrande-m-option_MC-SENT-SCALE_lr_3e-05_bs_32_max-epochs_20_seed_746408
winogrande-m-option,MC-SENT,1.00E-05,64,20,360279,0.5264404104,winogrande-m-option_MC-SENT_lr_1e-05_bs_64_max-epochs_20_seed_360279
winogrande-m-option,MC-SENT,1.00E-05,64,20,202311,0.5264404104,winogrande-m-option_MC-SENT_lr_1e-05_bs_64_max-epochs_20_seed_202311
winogrande-m-option,MC-MLM,2.00E-05,16,10,619477,0.5264404104,winogrande-m-option_MC-MLM_lr_2e-05_bs_16_max-epochs_10_seed_619477
winogrande-m-option,MC-MLM,2.00E-05,64,40,474275,0.5264404104,winogrande-m-option_MC-MLM_lr_2e-05_bs_64_max-epochs_40_seed_474275
winogrande-m-option,MC-SENT,3.00E-05,32,20,567450,0.5256511444,winogrande-m-option_MC-SENT_lr_3e-05_bs_32_max-epochs_20_seed_567450
winogrande-m-option,MC-SENT-PLOSS,3.00E-05,16,20,170210,0.5248618785,winogrande-m-option_MC-SENT-PLOSS_lr_3e-05_bs_16_max-epochs_20_seed_170210
winogrande-m-option,MC-SENT-PLOSS,3.00E-05,16,20,598962,0.5248618785,winogrande-m-option_MC-SENT-PLOSS_lr_3e-05_bs_16_max-epochs_20_seed_598962
winogrande-m-option,MC-SENT-SCALE,3.00E-05,16,40,960965,0.5248618785,winogrande-m-option_MC-SENT-SCALE_lr_3e-05_bs_16_max-epochs_40_seed_960965
winogrande-m-option,MC-SENT-SCALE,2.00E-05,8,40,262255,0.5248618785,winogrande-m-option_MC-SENT-SCALE_lr_2e-05_bs_8_max-epochs_40_seed_262255
winogrande-m-option,MC-SENT,1.00E-05,8,40,866079,0.5248618785,winogrande-m-option_MC-SENT_lr_1e-05_bs_8_max-epochs_40_seed_866079
winogrande-m-option,P-SPAN,1.00E-05,64,20,118848,0.5240726125,winogrande-m-option_P-SPAN_lr_1e-05_bs_64_max-epochs_20_seed_118848
winogrande-m-option,P-SENT,1.00E-05,16,20,293642,0.5240726125,winogrande-m-option_P-SENT_lr_1e-05_bs_16_max-epochs_20_seed_293642
winogrande-m-option,P-SENT,1.00E-05,16,20,762848,0.5240726125,winogrande-m-option_P-SENT_lr_1e-05_bs_16_max-epochs_20_seed_762848
winogrande-m-option,MC-SENT-PLOSS,2.00E-05,32,20,299486,0.5240726125,winogrande-m-option_MC-SENT-PLOSS_lr_2e-05_bs_32_max-epochs_20_seed_299486
winogrande-m-option,MC-SENT-PLOSS,1.00E-05,16,10,166531,0.5232833465,winogrande-m-option_MC-SENT-PLOSS_lr_1e-05_bs_16_max-epochs_10_seed_166531
winogrande-m-option,MC-SENT-PAIR,2.00E-05,8,20,283853,0.5232833465,winogrande-m-option_MC-SENT-PAIR_lr_2e-05_bs_8_max-epochs_20_seed_283853
winogrande-m-option,MC-SENT-SCALE,3.00E-05,8,20,110377,0.5232833465,winogrande-m-option_MC-SENT-SCALE_lr_3e-05_bs_8_max-epochs_20_seed_110377
winogrande-m-option,MC-SENT-SCALE,3.00E-05,8,20,88024,0.5232833465,winogrande-m-option_MC-SENT-SCALE_lr_3e-05_bs_8_max-epochs_20_seed_88024
winogrande-m-option,MC-SENT,3.00E-05,16,40,524316,0.5232833465,winogrande-m-option_MC-SENT_lr_3e-05_bs_16_max-epochs_40_seed_524316
winogrande-m-option,MC-MLM,3.00E-05,64,10,224218,0.5232833465,winogrande-m-option_MC-MLM_lr_3e-05_bs_64_max-epochs_10_seed_224218
winogrande-m-option,MC-MLM,3.00E-05,64,10,988330,0.5232833465,winogrande-m-option_MC-MLM_lr_3e-05_bs_64_max-epochs_10_seed_988330
winogrande-m-option,MC-SENT-PLOSS,2.00E-05,64,40,930590,0.5224940805,winogrande-m-option_MC-SENT-PLOSS_lr_2e-05_bs_64_max-epochs_40_seed_930590
winogrande-m-option,MC-SENT-PLOSS,3.00E-05,64,40,762193,0.5224940805,winogrande-m-option_MC-SENT-PLOSS_lr_3e-05_bs_64_max-epochs_40_seed_762193
winogrande-m-option,MC-SENT-PLOSS,3.00E-05,64,40,397478,0.5224940805,winogrande-m-option_MC-SENT-PLOSS_lr_3e-05_bs_64_max-epochs_40_seed_397478
winogrande-m-option,MC-SENT-SCALE,2.00E-05,64,20,859774,0.5224940805,winogrande-m-option_MC-SENT-SCALE_lr_2e-05_bs_64_max-epochs_20_seed_859774
winogrande-m-option,MC-SENT,3.00E-05,8,10,695940,0.5224940805,winogrande-m-option_MC-SENT_lr_3e-05_bs_8_max-epochs_10_seed_695940
winogrande-m-option,MC-MLM,2.00E-05,8,10,94668,0.5224940805,winogrande-m-option_MC-MLM_lr_2e-05_bs_8_max-epochs_10_seed_94668
winogrande-m-option,MC-SENT-PLOSS,1.00E-05,8,10,873053,0.5217048145,winogrande-m-option_MC-SENT-PLOSS_lr_1e-05_bs_8_max-epochs_10_seed_873053
winogrande-m-option,MC-SENT-PLOSS,1.00E-05,8,10,533070,0.5217048145,winogrande-m-option_MC-SENT-PLOSS_lr_1e-05_bs_8_max-epochs_10_seed_533070
winogrande-m-option,MC-SENT-PLOSS,3.00E-05,8,20,666779,0.5217048145,winogrande-m-option_MC-SENT-PLOSS_lr_3e-05_bs_8_max-epochs_20_seed_666779
winogrande-m-option,MC-SENT-PLOSS,3.00E-05,8,40,466559,0.5217048145,winogrande-m-option_MC-SENT-PLOSS_lr_3e-05_bs_8_max-epochs_40_seed_466559
winogrande-m-option,MC-SENT-SCALE,2.00E-05,64,20,28305,0.5217048145,winogrande-m-option_MC-SENT-SCALE_lr_2e-05_bs_64_max-epochs_20_seed_28305
winogrande-m-option,MC-SENT-SCALE,3.00E-05,8,40,903476,0.5217048145,winogrande-m-option_MC-SENT-SCALE_lr_3e-05_bs_8_max-epochs_40_seed_903476
winogrande-m-option,MC-SENT-SCALE,3.00E-05,8,40,768432,0.5217048145,winogrande-m-option_MC-SENT-SCALE_lr_3e-05_bs_8_max-epochs_40_seed_768432
winogrande-m-option,MC-SENT,2.00E-05,8,20,612808,0.5217048145,winogrande-m-option_MC-SENT_lr_2e-05_bs_8_max-epochs_20_seed_612808
winogrande-m-option,MC-MLM,3.00E-05,8,40,568808,0.5217048145,winogrande-m-option_MC-MLM_lr_3e-05_bs_8_max-epochs_40_seed_568808
winogrande-m-option,MC-MLM,3.00E-05,8,40,597924,0.5217048145,winogrande-m-option_MC-MLM_lr_3e-05_bs_8_max-epochs_40_seed_597924
winogrande-m-option,MC-SENT-PLOSS,1.00E-05,8,20,171390,0.5209155485,winogrande-m-option_MC-SENT-PLOSS_lr_1e-05_bs_8_max-epochs_20_seed_171390
winogrande-m-option,MC-SENT-PLOSS,1.00E-05,8,20,586627,0.5209155485,winogrande-m-option_MC-SENT-PLOSS_lr_1e-05_bs_8_max-epochs_20_seed_586627
winogrande-m-option,MC-SENT,3.00E-05,8,20,364331,0.5209155485,winogrande-m-option_MC-SENT_lr_3e-05_bs_8_max-epochs_20_seed_364331
winogrande-m-option,MC-SENT-PLOSS,2.00E-05,8,40,115244,0.5201262826,winogrande-m-option_MC-SENT-PLOSS_lr_2e-05_bs_8_max-epochs_40_seed_115244
winogrande-m-option,MC-SENT-PAIR,1.00E-05,8,20,211608,0.5201262826,winogrande-m-option_MC-SENT-PAIR_lr_1e-05_bs_8_max-epochs_20_seed_211608
winogrande-m-option,MC-SENT-SCALE,1.00E-05,32,10,836341,0.5201262826,winogrande-m-option_MC-SENT-SCALE_lr_1e-05_bs_32_max-epochs_10_seed_836341
winogrande-m-option,MC-SENT-SCALE,1.00E-05,32,20,179273,0.5201262826,winogrande-m-option_MC-SENT-SCALE_lr_1e-05_bs_32_max-epochs_20_seed_179273
winogrande-m-option,MC-SENT-PLOSS,2.00E-05,32,10,810435,0.5193370166,winogrande-m-option_MC-SENT-PLOSS_lr_2e-05_bs_32_max-epochs_10_seed_810435
winogrande-m-option,MC-SENT-PAIR,2.00E-05,8,20,169775,0.5193370166,winogrande-m-option_MC-SENT-PAIR_lr_2e-05_bs_8_max-epochs_20_seed_169775
winogrande-m-option,MC-SENT-PAIR,2.00E-05,8,20,189368,0.5193370166,winogrande-m-option_MC-SENT-PAIR_lr_2e-05_bs_8_max-epochs_20_seed_189368
winogrande-m-option,MC-SENT,2.00E-05,16,20,156425,0.5193370166,winogrande-m-option_MC-SENT_lr_2e-05_bs_16_max-epochs_20_seed_156425
winogrande-m-option,MC-SENT-PLOSS,3.00E-05,32,20,710669,0.5185477506,winogrande-m-option_MC-SENT-PLOSS_lr_3e-05_bs_32_max-epochs_20_seed_710669
winogrande-m-option,MC-MLM,3.00E-05,16,20,144180,0.5185477506,winogrande-m-option_MC-MLM_lr_3e-05_bs_16_max-epochs_20_seed_144180
winogrande-m-option,MC-MLM,3.00E-05,16,20,831654,0.5185477506,winogrande-m-option_MC-MLM_lr_3e-05_bs_16_max-epochs_20_seed_831654
winogrande-m-option,MC-SENT-PLOSS,1.00E-05,32,20,540065,0.5177584846,winogrande-m-option_MC-SENT-PLOSS_lr_1e-05_bs_32_max-epochs_20_seed_540065
winogrande-m-option,MC-SENT-PAIR,1.00E-05,32,10,612159,0.5177584846,winogrande-m-option_MC-SENT-PAIR_lr_1e-05_bs_32_max-epochs_10_seed_612159
winogrande-m-option,MC-SENT-PAIR,3.00E-05,8,10,12155,0.5177584846,winogrande-m-option_MC-SENT-PAIR_lr_3e-05_bs_8_max-epochs_10_seed_12155
winogrande-m-option,MC-SENT-SCALE,2.00E-05,64,10,905270,0.5177584846,winogrande-m-option_MC-SENT-SCALE_lr_2e-05_bs_64_max-epochs_10_seed_905270
winogrande-m-option,MC-SENT-SCALE,2.00E-05,64,10,62386,0.5177584846,winogrande-m-option_MC-SENT-SCALE_lr_2e-05_bs_64_max-epochs_10_seed_62386
winogrande-m-option,MC-SENT,1.00E-05,32,10,973488,0.5177584846,winogrande-m-option_MC-SENT_lr_1e-05_bs_32_max-epochs_10_seed_973488
winogrande-m-option,P-SPAN,3.00E-05,32,40,494462,0.5169692186,winogrande-m-option_P-SPAN_lr_3e-05_bs_32_max-epochs_40_seed_494462
winogrande-m-option,P-SPAN,3.00E-05,16,20,879250,0.5169692186,winogrande-m-option_P-SPAN_lr_3e-05_bs_16_max-epochs_20_seed_879250
winogrande-m-option,P-SENT,1.00E-05,16,20,838557,0.5169692186,winogrande-m-option_P-SENT_lr_1e-05_bs_16_max-epochs_20_seed_838557
winogrande-m-option,P-SENT,1.00E-05,16,20,617778,0.5169692186,winogrande-m-option_P-SENT_lr_1e-05_bs_16_max-epochs_20_seed_617778
winogrande-m-option,P-SENT,1.00E-05,16,20,473408,0.5169692186,winogrande-m-option_P-SENT_lr_1e-05_bs_16_max-epochs_20_seed_473408
winogrande-m-option,MC-SENT-PLOSS,1.00E-05,32,20,976018,0.5169692186,winogrande-m-option_MC-SENT-PLOSS_lr_1e-05_bs_32_max-epochs_20_seed_976018
winogrande-m-option,MC-SENT,3.00E-05,8,40,173193,0.5169692186,winogrande-m-option_MC-SENT_lr_3e-05_bs_8_max-epochs_40_seed_173193
winogrande-m-option,P-SPAN,2.00E-05,64,10,152227,0.5161799526,winogrande-m-option_P-SPAN_lr_2e-05_bs_64_max-epochs_10_seed_152227
winogrande-m-option,P-SPAN,1.00E-05,32,20,834042,0.5161799526,winogrande-m-option_P-SPAN_lr_1e-05_bs_32_max-epochs_20_seed_834042
winogrande-m-option,MC-SENT-PAIR,2.00E-05,8,10,675883,0.5161799526,winogrande-m-option_MC-SENT-PAIR_lr_2e-05_bs_8_max-epochs_10_seed_675883
winogrande-m-option,MC-SENT-PAIR,1.00E-05,64,20,562419,0.5161799526,winogrande-m-option_MC-SENT-PAIR_lr_1e-05_bs_64_max-epochs_20_seed_562419
winogrande-m-option,MC-SENT-SCALE,3.00E-05,64,20,892625,0.5161799526,winogrande-m-option_MC-SENT-SCALE_lr_3e-05_bs_64_max-epochs_20_seed_892625
winogrande-m-option,P-SENT,1.00E-05,32,20,640543,0.5153906867,winogrande-m-option_P-SENT_lr_1e-05_bs_32_max-epochs_20_seed_640543
winogrande-m-option,MC-SENT-PLOSS,2.00E-05,8,10,405042,0.5153906867,winogrande-m-option_MC-SENT-PLOSS_lr_2e-05_bs_8_max-epochs_10_seed_405042
winogrande-m-option,MC-SENT-SCALE,3.00E-05,16,10,161530,0.5153906867,winogrande-m-option_MC-SENT-SCALE_lr_3e-05_bs_16_max-epochs_10_seed_161530
winogrande-m-option,MC-SENT-SCALE,1.00E-05,32,20,285466,0.5153906867,winogrande-m-option_MC-SENT-SCALE_lr_1e-05_bs_32_max-epochs_20_seed_285466
winogrande-m-option,P-SPAN,3.00E-05,32,10,139991,0.5146014207,winogrande-m-option_P-SPAN_lr_3e-05_bs_32_max-epochs_10_seed_139991
winogrande-m-option,P-SPAN,3.00E-05,8,10,565873,0.5146014207,winogrande-m-option_P-SPAN_lr_3e-05_bs_8_max-epochs_10_seed_565873
winogrande-m-option,P-SPAN,1.00E-05,64,40,118098,0.5146014207,winogrande-m-option_P-SPAN_lr_1e-05_bs_64_max-epochs_40_seed_118098
winogrande-m-option,P-SPAN,1.00E-05,64,40,306522,0.5146014207,winogrande-m-option_P-SPAN_lr_1e-05_bs_64_max-epochs_40_seed_306522
winogrande-m-option,MC-SENT,1.00E-05,16,20,878433,0.5146014207,winogrande-m-option_MC-SENT_lr_1e-05_bs_16_max-epochs_20_seed_878433
winogrande-m-option,MC-SENT,1.00E-05,16,20,748616,0.5146014207,winogrande-m-option_MC-SENT_lr_1e-05_bs_16_max-epochs_20_seed_748616
winogrande-m-option,MC-SENT,1.00E-05,16,10,528736,0.5146014207,winogrande-m-option_MC-SENT_lr_1e-05_bs_16_max-epochs_10_seed_528736
winogrande-m-option,MC-SENT,3.00E-05,64,10,593874,0.5146014207,winogrande-m-option_MC-SENT_lr_3e-05_bs_64_max-epochs_10_seed_593874
winogrande-m-option,MC-SENT,2.00E-05,16,20,401549,0.5146014207,winogrande-m-option_MC-SENT_lr_2e-05_bs_16_max-epochs_20_seed_401549
winogrande-m-option,MC-SENT,1.00E-05,16,20,37542,0.5146014207,winogrande-m-option_MC-SENT_lr_1e-05_bs_16_max-epochs_20_seed_37542
winogrande-m-option,MC-SENT,1.00E-05,16,20,20136,0.5146014207,winogrande-m-option_MC-SENT_lr_1e-05_bs_16_max-epochs_20_seed_20136
winogrande-m-option,MC-SENT,3.00E-05,64,10,65059,0.5146014207,winogrande-m-option_MC-SENT_lr_3e-05_bs_64_max-epochs_10_seed_65059
winogrande-m-option,MC-SENT,2.00E-05,16,20,227314,0.5146014207,winogrande-m-option_MC-SENT_lr_2e-05_bs_16_max-epochs_20_seed_227314
winogrande-m-option,MC-SENT,1.00E-05,16,10,517811,0.5146014207,winogrande-m-option_MC-SENT_lr_1e-05_bs_16_max-epochs_10_seed_517811
winogrande-m-option,MC-SENT,1.00E-05,16,10,528099,0.5146014207,winogrande-m-option_MC-SENT_lr_1e-05_bs_16_max-epochs_10_seed_528099
winogrande-m-option,MC-SENT,1.00E-05,16,20,743554,0.5146014207,winogrande-m-option_MC-SENT_lr_1e-05_bs_16_max-epochs_20_seed_743554
winogrande-m-option,P-SENT,1.00E-05,32,20,481466,0.5138121547,winogrande-m-option_P-SENT_lr_1e-05_bs_32_max-epochs_20_seed_481466
winogrande-m-option,P-SENT,1.00E-05,32,20,78728,0.5138121547,winogrande-m-option_P-SENT_lr_1e-05_bs_32_max-epochs_20_seed_78728
winogrande-m-option,P-SENT,1.00E-05,32,20,753188,0.5138121547,winogrande-m-option_P-SENT_lr_1e-05_bs_32_max-epochs_20_seed_753188
winogrande-m-option,P-SENT,1.00E-05,32,20,110796,0.5138121547,winogrande-m-option_P-SENT_lr_1e-05_bs_32_max-epochs_20_seed_110796
winogrande-m-option,MC-SENT-PLOSS,2.00E-05,8,10,280752,0.5138121547,winogrande-m-option_MC-SENT-PLOSS_lr_2e-05_bs_8_max-epochs_10_seed_280752
winogrande-m-option,MC-SENT-PLOSS,2.00E-05,8,10,892097,0.5138121547,winogrande-m-option_MC-SENT-PLOSS_lr_2e-05_bs_8_max-epochs_10_seed_892097
winogrande-m-option,MC-SENT-PLOSS,2.00E-05,8,10,99094,0.5138121547,winogrande-m-option_MC-SENT-PLOSS_lr_2e-05_bs_8_max-epochs_10_seed_99094
winogrande-m-option,P-SPAN,1.00E-05,8,20,71750,0.5130228887,winogrande-m-option_P-SPAN_lr_1e-05_bs_8_max-epochs_20_seed_71750
winogrande-m-option,P-SENT,3.00E-05,64,20,994009,0.5130228887,winogrande-m-option_P-SENT_lr_3e-05_bs_64_max-epochs_20_seed_994009
winogrande-m-option,MC-SENT-PAIR,3.00E-05,32,10,203145,0.5130228887,winogrande-m-option_MC-SENT-PAIR_lr_3e-05_bs_32_max-epochs_10_seed_203145
winogrande-m-option,MC-SENT-PAIR,3.00E-05,32,20,557306,0.5130228887,winogrande-m-option_MC-SENT-PAIR_lr_3e-05_bs_32_max-epochs_20_seed_557306
winogrande-m-option,P-SPAN,1.00E-05,64,10,648001,0.5122336227,winogrande-m-option_P-SPAN_lr_1e-05_bs_64_max-epochs_10_seed_648001
winogrande-m-option,P-SENT,2.00E-05,32,10,497638,0.5122336227,winogrande-m-option_P-SENT_lr_2e-05_bs_32_max-epochs_10_seed_497638
winogrande-m-option,P-SENT,2.00E-05,32,10,605747,0.5122336227,winogrande-m-option_P-SENT_lr_2e-05_bs_32_max-epochs_10_seed_605747
winogrande-m-option,MC-SENT-PLOSS,2.00E-05,64,10,771360,0.5122336227,winogrande-m-option_MC-SENT-PLOSS_lr_2e-05_bs_64_max-epochs_10_seed_771360
winogrande-m-option,MC-SENT-PLOSS,1.00E-05,32,10,613690,0.5122336227,winogrande-m-option_MC-SENT-PLOSS_lr_1e-05_bs_32_max-epochs_10_seed_613690
winogrande-m-option,MC-SENT-PAIR,3.00E-05,8,20,688899,0.5122336227,winogrande-m-option_MC-SENT-PAIR_lr_3e-05_bs_8_max-epochs_20_seed_688899
winogrande-m-option,MC-SENT-PAIR,3.00E-05,16,10,504144,0.5122336227,winogrande-m-option_MC-SENT-PAIR_lr_3e-05_bs_16_max-epochs_10_seed_504144
winogrande-m-option,P-SPAN,1.00E-05,32,10,155375,0.5114443567,winogrande-m-option_P-SPAN_lr_1e-05_bs_32_max-epochs_10_seed_155375
winogrande-m-option,P-SPAN,2.00E-05,64,40,938365,0.5114443567,winogrande-m-option_P-SPAN_lr_2e-05_bs_64_max-epochs_40_seed_938365
winogrande-m-option,P-SPAN,3.00E-05,8,40,310605,0.5114443567,winogrande-m-option_P-SPAN_lr_3e-05_bs_8_max-epochs_40_seed_310605
winogrande-m-option,P-SPAN,2.00E-05,64,40,517547,0.5114443567,winogrande-m-option_P-SPAN_lr_2e-05_bs_64_max-epochs_40_seed_517547
winogrande-m-option,P-SPAN,3.00E-05,32,40,216670,0.5114443567,winogrande-m-option_P-SPAN_lr_3e-05_bs_32_max-epochs_40_seed_216670
winogrande-m-option,MC-SENT-SCALE,3.00E-05,64,10,178024,0.5114443567,winogrande-m-option_MC-SENT-SCALE_lr_3e-05_bs_64_max-epochs_10_seed_178024
winogrande-m-option,MC-SENT,1.00E-05,64,10,731883,0.5114443567,winogrande-m-option_MC-SENT_lr_1e-05_bs_64_max-epochs_10_seed_731883
winogrande-m-option,P-SPAN,1.00E-05,32,10,157702,0.5106550908,winogrande-m-option_P-SPAN_lr_1e-05_bs_32_max-epochs_10_seed_157702
winogrande-m-option,P-SENT,3.00E-05,64,40,218152,0.5106550908,winogrande-m-option_P-SENT_lr_3e-05_bs_64_max-epochs_40_seed_218152
winogrande-m-option,MC-MLM,3.00E-05,8,20,464049,0.5106550908,winogrande-m-option_MC-MLM_lr_3e-05_bs_8_max-epochs_20_seed_464049
winogrande-m-option,P-SPAN,1.00E-05,8,40,220259,0.5098658248,winogrande-m-option_P-SPAN_lr_1e-05_bs_8_max-epochs_40_seed_220259
winogrande-m-option,P-SPAN,3.00E-05,64,20,984550,0.5098658248,winogrande-m-option_P-SPAN_lr_3e-05_bs_64_max-epochs_20_seed_984550
winogrande-m-option,P-SPAN,1.00E-05,16,40,308646,0.5098658248,winogrande-m-option_P-SPAN_lr_1e-05_bs_16_max-epochs_40_seed_308646
winogrande-m-option,P-SENT,2.00E-05,32,20,256598,0.5098658248,winogrande-m-option_P-SENT_lr_2e-05_bs_32_max-epochs_20_seed_256598
winogrande-m-option,P-SENT,2.00E-05,32,20,90395,0.5098658248,winogrande-m-option_P-SENT_lr_2e-05_bs_32_max-epochs_20_seed_90395
winogrande-m-option,MC-SENT,2.00E-05,32,10,896700,0.5098658248,winogrande-m-option_MC-SENT_lr_2e-05_bs_32_max-epochs_10_seed_896700
winogrande-m-option,MC-MLM,2.00E-05,8,20,646189,0.5098658248,winogrande-m-option_MC-MLM_lr_2e-05_bs_8_max-epochs_20_seed_646189
winogrande-m-option,P-SPAN,2.00E-05,64,20,30992,0.5090765588,winogrande-m-option_P-SPAN_lr_2e-05_bs_64_max-epochs_20_seed_30992
winogrande-m-option,P-SPAN,2.00E-05,64,20,113283,0.5090765588,winogrande-m-option_P-SPAN_lr_2e-05_bs_64_max-epochs_20_seed_113283
winogrande-m-option,P-SENT,2.00E-05,32,40,190841,0.5090765588,winogrande-m-option_P-SENT_lr_2e-05_bs_32_max-epochs_40_seed_190841
winogrande-m-option,P-SENT,2.00E-05,32,40,848251,0.5090765588,winogrande-m-option_P-SENT_lr_2e-05_bs_32_max-epochs_40_seed_848251
winogrande-m-option,MC-SENT-PLOSS,3.00E-05,16,10,383382,0.5090765588,winogrande-m-option_MC-SENT-PLOSS_lr_3e-05_bs_16_max-epochs_10_seed_383382
winogrande-m-option,MC-SENT-SCALE,1.00E-05,16,10,991431,0.5090765588,winogrande-m-option_MC-SENT-SCALE_lr_1e-05_bs_16_max-epochs_10_seed_991431
winogrande-m-option,P-SPAN,1.00E-05,16,10,354064,0.5082872928,winogrande-m-option_P-SPAN_lr_1e-05_bs_16_max-epochs_10_seed_354064
winogrande-m-option,P-SPAN,1.00E-05,16,10,235996,0.5082872928,winogrande-m-option_P-SPAN_lr_1e-05_bs_16_max-epochs_10_seed_235996
winogrande-m-option,P-SPAN,1.00E-05,16,10,717249,0.5082872928,winogrande-m-option_P-SPAN_lr_1e-05_bs_16_max-epochs_10_seed_717249
winogrande-m-option,P-SENT,2.00E-05,64,20,884926,0.5082872928,winogrande-m-option_P-SENT_lr_2e-05_bs_64_max-epochs_20_seed_884926
winogrande-m-option,P-SENT,1.00E-05,8,10,216667,0.5074980268,winogrande-m-option_P-SENT_lr_1e-05_bs_8_max-epochs_10_seed_216667
winogrande-m-option,P-SENT,1.00E-05,64,20,754399,0.5074980268,winogrande-m-option_P-SENT_lr_1e-05_bs_64_max-epochs_20_seed_754399
winogrande-m-option,MC-SENT-PLOSS,3.00E-05,16,10,733981,0.5074980268,winogrande-m-option_MC-SENT-PLOSS_lr_3e-05_bs_16_max-epochs_10_seed_733981
winogrande-m-option,MC-SENT-SCALE,1.00E-05,32,10,407329,0.5074980268,winogrande-m-option_MC-SENT-SCALE_lr_1e-05_bs_32_max-epochs_10_seed_407329
winogrande-m-option,MC-MLM,3.00E-05,16,20,703474,0.5074980268,winogrande-m-option_MC-MLM_lr_3e-05_bs_16_max-epochs_20_seed_703474
winogrande-m-option,P-SENT,2.00E-05,8,20,579061,0.5067087609,winogrande-m-option_P-SENT_lr_2e-05_bs_8_max-epochs_20_seed_579061
winogrande-m-option,P-SENT,1.00E-05,64,20,325356,0.5067087609,winogrande-m-option_P-SENT_lr_1e-05_bs_64_max-epochs_20_seed_325356
winogrande-m-option,MC-SENT-PLOSS,1.00E-05,32,10,742736,0.5067087609,winogrande-m-option_MC-SENT-PLOSS_lr_1e-05_bs_32_max-epochs_10_seed_742736
winogrande-m-option,P-SPAN,2.00E-05,8,20,905753,0.5059194949,winogrande-m-option_P-SPAN_lr_2e-05_bs_8_max-epochs_20_seed_905753
winogrande-m-option,P-SENT,3.00E-05,32,10,677886,0.5059194949,winogrande-m-option_P-SENT_lr_3e-05_bs_32_max-epochs_10_seed_677886
winogrande-m-option,P-SPAN,3.00E-05,64,20,81210,0.5051302289,winogrande-m-option_P-SPAN_lr_3e-05_bs_64_max-epochs_20_seed_81210
winogrande-m-option,P-SENT,3.00E-05,64,10,716464,0.5051302289,winogrande-m-option_P-SENT_lr_3e-05_bs_64_max-epochs_10_seed_716464
winogrande-m-option,P-SPAN,3.00E-05,16,20,164939,0.5043409629,winogrande-m-option_P-SPAN_lr_3e-05_bs_16_max-epochs_20_seed_164939
winogrande-m-option,P-SPAN,2.00E-05,16,10,78825,0.5043409629,winogrande-m-option_P-SPAN_lr_2e-05_bs_16_max-epochs_10_seed_78825
winogrande-m-option,P-SENT,2.00E-05,64,10,540644,0.5043409629,winogrande-m-option_P-SENT_lr_2e-05_bs_64_max-epochs_10_seed_540644
winogrande-m-option,MC-SENT-PAIR,1.00E-05,64,10,377519,0.498816101,winogrande-m-option_MC-SENT-PAIR_lr_1e-05_bs_64_max-epochs_10_seed_377519
winogrande-m-option,MC-SENT,3.00E-05,16,10,909888,0.4901341752,winogrande-m-option_MC-SENT_lr_3e-05_bs_16_max-epochs_10_seed_909888